TotalBsmtSF,YearBuilt,BsmtFinType1,GrLivArea,GarageArea,LotArea,BsmtExposure,GarageFinish,2ndFlrSF
856,2003,GLQ,1710,548,8450,No,RFn,854.0
1262,1976,ALQ,1262,460,9600,Gd,RFn,0.0
920,2001,GLQ,1786,608,11250,Mn,RFn,866.0
756,1915,ALQ,1717,642,9550,No,Unf,
1145,2000,GLQ,2198,836,14260,Av,RFn,
796,1993,GLQ,1362,480,14115,No,Unf,566.0
1686,2004,GLQ,1694,636,10084,Av,RFn,0.0
1107,1973,ALQ,2090,484,10382,Mn,,983.0
952,1931,Unf,1774,468,6120,No,Unf,752.0
991,1939,GLQ,1077,205,7420,No,RFn,0.0
1040,1965,Rec,1040,384,11200,No,Unf,0.0
1175,2005,,2324,736,11924,No,Fin,1142.0
912,1962,ALQ,912,352,12968,No,,0.0
1494,2006,Unf,1494,840,10652,Av,RFn,0.0
1253,1960,BLQ,1253,352,10920,No,RFn,0.0
832,1929,Unf,854,576,6120,No,Unf,0.0
1004,1970,ALQ,1004,480,11241,No,Fin,0.0
0,1967,None,1296,516,10791,None,Unf,0.0
1114,2004,GLQ,1114,576,13695,No,Unf,
1029,1958,LwQ,1339,294,7560,No,Unf,0.0
1158,2005,Unf,2376,853,14215,Av,RFn,1218.0
637,1930,Unf,1108,280,7449,No,Unf,0.0
1777,2002,,1795,534,9742,No,RFn,0.0
1040,1976,GLQ,1060,572,4224,No,,0.0
1060,1968,Rec,1060,270,8246,Mn,Unf,0.0
1566,2007,Unf,1600,890,14230,No,RFn,0.0
900,1951,,900,576,7200,Mn,Unf,0.0
1704,2007,GLQ,1704,772,11478,No,,
1484,1957,BLQ,1600,319,16321,Gd,RFn,0.0
520,1927,Unf,520,240,6324,No,Unf,0.0
649,1920,Unf,1317,250,8500,No,Unf,668.0
1228,1966,Unf,1228,271,8544,No,Unf,0.0
1234,2007,Unf,1234,484,11049,Av,RFn,0.0
1398,1959,Rec,1700,447,10552,No,RFn,0.0
1561,2005,GLQ,1561,556,7313,No,Fin,0.0
1117,2004,Unf,2452,691,13418,Av,,1320.0
1097,1994,Unf,1097,672,10859,No,Unf,0.0
1297,1954,Rec,1297,498,8532,No,Fin,0.0
1057,1953,GLQ,1057,246,7922,No,Unf,0.0
0,1955,None,1152,0,6040,None,None,0.0
1088,1965,Rec,1324,440,8658,No,,0.0
1350,1959,BLQ,1328,308,16905,Gd,,
840,1983,ALQ,884,504,9180,Av,RFn,0.0
938,1975,LwQ,938,308,9200,Av,Unf,0.0
1150,1959,ALQ,1150,300,7945,No,RFn,0.0
1752,2005,GLQ,1752,576,7658,No,RFn,0.0
1434,2003,GLQ,2149,670,12822,No,RFn,631.0
1656,2006,GLQ,1656,826,11096,Av,,0.0
736,1920,Unf,1452,0,4456,No,None,716.0
955,1966,BLQ,955,386,7742,No,Unf,0.0
794,1997,GLQ,1470,388,13869,Av,Fin,676.0
816,1934,Unf,1176,528,6240,No,Unf,0.0
816,1963,LwQ,816,516,8472,Gd,Unf,0.0
1842,1981,GLQ,1842,894,50271,Gd,Fin,0.0
384,1955,ALQ,1360,572,7134,No,Unf,0.0
1425,1964,,1425,576,10175,No,RFn,0.0
970,1999,GLQ,1739,480,2645,No,Fin,756.0
860,2004,Unf,1720,565,11645,No,RFn,
1410,2006,Unf,2945,641,13682,Gd,Fin,1519.0
780,1972,ALQ,780,352,7200,Av,Unf,0.0
1158,2004,ALQ,1158,576,13072,No,Unf,0.0
530,1920,Unf,1111,288,7200,No,Unf,530.0
1370,2006,GLQ,1370,484,6442,Mn,RFn,0.0
576,1921,Unf,1710,480,10300,No,Unf,808.0
1057,1997,GLQ,2034,645,9375,No,RFn,977.0
1143,2004,Unf,2473,852,9591,Av,,1330.0
1947,1970,GLQ,2207,576,19900,Gd,RFn,0.0
1453,2003,GLQ,1479,558,10665,Av,RFn,0.0
747,1945,Unf,747,220,4608,No,Unf,0.0
1304,1953,BLQ,2287,667,15593,No,Fin,983.0
2223,1973,ALQ,2223,516,13651,Gd,Fin,0.0
845,1982,ALQ,845,360,7599,No,Unf,0.0
832,1998,Unf,1718,427,10141,No,Fin,833.0
1086,1954,ALQ,1086,490,10200,No,Unf,0.0
840,1915,Unf,1605,379,5790,No,Unf,765.0
462,1973,GLQ,988,297,1596,Gd,Unf,462.0
952,1956,ALQ,952,283,8475,No,Unf,0.0
672,1948,BLQ,1285,240,8635,No,Unf,213.0
1768,1968,Unf,1768,0,10778,No,None,0.0
440,1910,Unf,1230,440,10440,No,Unf,548.0
896,1968,Rec,2142,509,13000,No,Fin,960.0
1237,1998,GLQ,1337,405,4500,No,Fin,0.0
1563,2007,GLQ,1563,758,10206,No,RFn,0.0
1065,1960,Unf,1065,461,8892,No,Unf,0.0
384,1995,Unf,1474,400,8530,No,Fin,670.0
1288,1991,Unf,2417,462,16059,No,Unf,1116.0
684,2005,Unf,1560,400,11911,Av,Fin,876.0
612,2009,Unf,1224,528,3951,Av,RFn,612.0
1013,1915,Unf,1526,0,8470,No,None,0.0
990,1994,,990,0,8070,No,None,0.0
0,1950,,1040,420,7200,None,Unf,0.0
1235,1961,Rec,1235,480,8500,No,Unf,0.0
876,1921,ALQ,964,432,13360,No,Unf,0.0
1214,1910,Rec,2291,506,7200,Mn,Unf,1031.0
824,1997,GLQ,1786,684,9337,No,RFn,881.0
680,1993,,1470,420,9765,No,Fin,790.0
1588,1999,ALQ,1588,472,10264,Av,RFn,
960,1965,Rec,960,432,10921,No,Fin,0.0
458,1920,ALQ,835,366,10625,No,Unf,0.0
950,1959,ALQ,1225,0,9320,No,None,0.0
1610,1977,ALQ,1610,480,10603,Mn,RFn,0.0
741,1985,,1732,476,9206,No,Fin,755.0
0,1979,None,1535,410,7018,None,Unf,0.0
1226,2009,Unf,1226,740,10402,No,RFn,0.0
1040,1931,LwQ,1818,240,7758,No,,592.0
1053,2003,Unf,1992,648,9375,No,RFn,
641,1885,Unf,1047,273,10800,No,Unf,0.0
789,1948,ALQ,789,250,6000,No,Unf,0.0
793,1919,Unf,1517,0,8500,No,None,
1844,1977,BLQ,1844,546,11751,No,RFn,0.0
994,1954,Rec,1855,325,9525,No,Unf,639.0
384,2000,GLQ,1430,400,7750,No,Fin,656.0
1264,2007,GLQ,2696,792,9965,Av,,1414.0
1809,1953,,2259,450,21000,Mn,Unf,0.0
1028,1945,ALQ,2320,180,7259,No,Unf,884.0
729,1999,GLQ,1458,440,3230,No,Unf,729.0
1092,1962,LwQ,1092,288,11616,No,Unf,0.0
1125,2006,Unf,1125,430,8536,No,Unf,0.0
1673,1990,GLQ,3222,594,12376,Mn,Unf,1523.0
728,2005,Unf,1456,390,8461,No,Fin,728.0
938,1969,ALQ,988,540,21453,Gd,Unf,0.0
732,1939,Unf,1123,264,6060,No,Unf,351.0
1080,1958,BLQ,1080,288,9464,No,Unf,0.0
1199,1993,GLQ,1199,530,7892,No,RFn,0.0
1362,1979,,1586,435,17043,No,Unf,0.0
520,1935,GLQ,754,0,6780,Av,,0.0
1078,1976,ALQ,958,440,4928,No,RFn,
672,1930,LwQ,840,0,4388,No,None,0.0
660,1966,BLQ,1348,453,7590,No,RFn,688.0
1008,1958,Rec,1053,750,8973,No,RFn,
924,1966,Rec,2157,487,14200,No,,941.0
992,2000,GLQ,2054,390,12224,No,RFn,1032.0
1063,1959,Rec,1327,624,7388,No,Unf,0.0
1267,2001,GLQ,1296,471,6853,No,Fin,0.0
1461,1968,Rec,1721,440,10335,No,RFn,0.0
1304,1970,Unf,1682,530,10400,No,Unf,0.0
1214,1967,BLQ,1214,318,10355,No,RFn,
1907,1988,Unf,1959,766,11070,No,Unf,0.0
1004,1999,GLQ,1852,660,9066,Mn,Fin,848.0
928,1997,GLQ,1764,470,15426,No,RFn,836.0
864,1971,ALQ,864,0,10500,No,None,0.0
1734,2005,GLQ,1734,660,11645,Av,,0.0
910,1952,Rec,1385,720,8520,No,Unf,
1490,1999,GLQ,1501,577,10335,Gd,RFn,0.0
1728,1963,Rec,1728,504,9100,No,Unf,0.0
970,2004,Unf,1709,380,2522,No,Unf,739.0
715,1931,BLQ,875,180,6120,No,Unf,0.0
884,2001,Unf,2035,434,9505,No,Fin,1151.0
1080,2004,GLQ,1080,0,7500,No,None,0.0
896,1936,Unf,1344,240,6240,No,,448.0
969,1975,BLQ,969,440,10356,Av,Unf,0.0
1710,2007,,1710,866,13891,Gd,RFn,0.0
825,1971,Rec,1993,495,14803,No,RFn,896.0
1602,1960,BLQ,1252,564,13500,Gd,RFn,0.0
1200,1923,Unf,1200,312,11340,No,Unf,0.0
572,1924,Unf,1096,0,9600,No,None,524.0
0,1950,None,1040,625,7200,None,Unf,0.0
774,2009,,1968,680,12003,No,Fin,1194.0
991,2004,GLQ,1947,678,12552,No,RFn,956.0
1392,2005,GLQ,2462,576,19378,Mn,RFn,1070.0
1232,1984,BLQ,1232,516,11120,No,Unf,0.0
1572,2003,GLQ,2668,726,13688,Av,Fin,1096.0
1541,2005,,1541,532,12182,Mn,,0.0
882,1956,Unf,882,0,5500,No,None,0.0
1149,1926,LwQ,1616,216,5400,Mn,Unf,467.0
644,1940,ALQ,1355,0,10106,No,None,547.0
1617,1955,LwQ,1867,303,10708,No,Fin,0.0
1582,2007,GLQ,2161,789,10562,No,Fin,551.0
840,2004,Unf,1720,440,8244,No,Fin,880.0
1686,1981,Unf,1707,511,16669,No,RFn,0.0
720,1941,Rec,1382,660,12358,No,,0.0
1080,1960,BLQ,1656,528,31770,Gd,Fin,0.0
1064,1987,GLQ,1767,504,5306,No,RFn,703.0
1362,1961,ALQ,1362,504,10197,No,,0.0
1606,1986,ALQ,1651,616,12416,No,Fin,0.0
1202,1950,ALQ,2158,576,12615,Av,Unf,0.0
1151,1988,GLQ,2060,521,10029,No,,896.0
1052,1958,ALQ,1920,451,13650,No,Unf,668.0
2216,2008,GLQ,2234,1166,17423,No,Fin,0.0
968,1923,Unf,968,480,8520,No,Unf,0.0
756,2000,GLQ,1525,440,2117,No,Unf,756.0
793,1920,LwQ,1802,216,7588,No,Unf,901.0
0,1957,,1340,252,9060,None,,0.0
1362,2003,Unf,2082,484,11426,No,Unf,720.0
504,1908,Unf,1252,576,7438,No,Unf,316.0
1107,1892,Unf,3608,840,22950,Mn,Unf,1518.0
1188,1990,GLQ,1217,497,9947,Av,Unf,0.0
660,1916,Unf,1656,180,10410,No,Unf,704.0
1086,1979,GLQ,1224,528,7018,Av,Unf,0.0
1593,2001,GLQ,1593,682,4923,Av,Fin,0.0
853,1932,Rec,2727,440,10570,No,Unf,1178.0
725,1972,ALQ,1479,484,7472,No,Fin,754.0
1431,1999,GLQ,1431,666,9017,Av,Fin,0.0
970,2004,Unf,1709,380,2522,No,Unf,739.0
864,1972,ALQ,864,352,7180,Av,Unf,0.0
855,1976,ALQ,1456,440,2280,No,,
1726,2007,,1726,786,9416,No,,0.0
1360,1918,,3112,795,25419,No,Unf,1360.0
755,1912,Unf,2229,0,5520,No,None,929.0
1713,2004,GLQ,1713,856,9591,Av,Fin,0.0
1121,2003,Unf,1121,440,8546,No,RFn,0.0
1196,1977,ALQ,1279,473,10125,No,Unf,0.0
617,1924,LwQ,1310,398,7000,No,Unf,445.0
848,2004,GLQ,848,420,4438,Av,RFn,0.0
720,1947,LwQ,1284,240,3500,No,Unf,564.0
1424,1990,Unf,1442,500,11851,No,,0.0
1140,1962,Unf,1696,349,13673,No,,0.0
1100,1960,ALQ,1100,312,12493,No,RFn,0.0
1157,1988,GLQ,2062,454,14364,Gd,,
1092,1964,Rec,1092,504,8250,No,RFn,0.0
864,1925,Rec,864,0,5604,No,None,0.0
1212,2009,GLQ,1212,460,10420,Mn,RFn,0.0
900,2009,GLQ,1852,644,8640,No,RFn,920.0
990,1995,ALQ,990,576,13568,No,Unf,0.0
689,1977,GLQ,1392,299,10900,No,Fin,703.0
1070,1957,BLQ,1236,447,10011,No,Unf,0.0
1436,2004,GLQ,1436,484,8450,Mn,,0.0
686,1925,Unf,1328,210,9906,No,Unf,518.0
798,1939,BLQ,1954,431,15660,No,,817.0
1248,2005,GLQ,1248,438,3010,Av,Fin,0.0
1498,2006,Unf,1498,675,8990,Mn,,0.0
1010,2002,Unf,2267,390,8068,No,RFn,1257.0
713,1975,ALQ,1552,434,11475,No,RFn,741.0
864,1971,ALQ,864,576,10500,No,Unf,0.0
2392,2003,GLQ,2392,968,13472,Gd,Fin,0.0
630,1971,Unf,1302,280,1680,No,Unf,672.0
1203,1995,GLQ,2520,721,9950,No,,1306.0
483,1970,Rec,987,280,1869,No,Unf,504.0
912,1967,ALQ,912,336,8521,No,Unf,0.0
1373,2005,GLQ,1555,430,3182,Av,Fin,0.0
1194,1959,Unf,1194,312,8760,No,RFn,0.0
1462,1995,,2794,810,15138,No,Fin,1304.0
483,1972,Unf,987,288,1680,No,Unf,504.0
894,1976,LwQ,894,308,10650,Av,Unf,0.0
860,2002,GLQ,1960,440,7851,No,Fin,1100.0
483,1971,ALQ,987,264,1680,No,Unf,
1414,2004,GLQ,1414,494,8773,Av,RFn,0.0
996,1993,BLQ,1744,457,9453,No,RFn,730.0
1694,2007,Unf,1694,818,12030,No,Fin,0.0
735,1945,LwQ,1487,220,8741,No,Unf,
1566,2008,GLQ,1566,750,9000,Av,RFn,0.0
686,1945,ALQ,866,0,3880,No,None,
540,1900,Unf,1440,352,5000,No,Unf,551.0
626,1980,,1217,288,10762,No,RFn,591.0
948,1994,GLQ,2110,463,8880,No,RFn,888.0
1845,1988,GLQ,1872,604,10400,Av,,
1020,1910,Unf,1928,440,9142,No,Unf,1020.0
1367,1954,Unf,1375,451,11310,No,Unf,0.0
840,2003,,1668,500,11317,No,RFn,828.0
1444,1958,Rec,2144,389,159000,Gd,Fin,700.0
728,1940,Unf,1306,0,5350,No,None,0.0
1573,2006,,1625,538,4750,Gd,,0.0
798,2004,Unf,1640,520,8366,No,RFn,842.0
1302,1964,LwQ,1302,309,9350,Gd,RFn,0.0
1314,1957,Rec,1314,294,8400,No,RFn,0.0
975,1999,Unf,2291,429,8738,No,Fin,1286.0
864,2003,Rec,1728,673,8791,No,RFn,864.0
1604,2006,GLQ,1604,660,8814,No,RFn,0.0
963,2001,GLQ,1792,564,12435,No,RFn,829.0
0,1956,None,882,308,12702,None,Unf,0.0
1362,1962,Rec,1382,884,19296,Gd,Unf,0.0
1482,2007,Unf,2574,868,9588,No,Fin,1092.0
506,1977,ALQ,1212,492,8471,Av,Unf,0.0
926,1929,LwQ,1316,484,5500,No,Unf,0.0
680,1925,Unf,764,504,5232,No,Unf,0.0
1422,1981,,1422,576,12090,No,Fin,0.0
802,1997,GLQ,1511,413,11207,Av,Fin,709.0
720,1939,,2192,240,8400,No,,720.0
740,1940,ALQ,778,924,6900,No,,0.0
1143,1976,BLQ,1113,504,7917,No,RFn,0.0
1095,2006,Unf,1939,1053,10728,Mn,RFn,844.0
1385,1954,LwQ,1363,439,39104,Gd,Unf,0.0
1152,1999,GLQ,2270,671,11764,No,Fin,1106.0
1240,1958,Rec,1632,338,9600,No,RFn,0.0
816,1982,ALQ,816,264,8314,Gd,Unf,0.0
952,1925,Unf,1548,672,7264,No,,596.0
1560,2003,Unf,1560,573,9196,No,Fin,0.0
864,1951,LwQ,864,400,19138,No,Unf,0.0
2121,2006,Unf,2121,732,14450,Gd,Fin,0.0
1160,1977,BLQ,2022,505,10005,No,Fin,866.0
807,1989,GLQ,1982,575,11287,Av,,807.0
1262,2006,GLQ,1262,572,7200,No,,0.0
1314,2007,GLQ,1314,626,5063,No,RFn,0.0
1468,2008,Unf,1468,898,9612,No,Fin,0.0
1575,1992,GLQ,1575,529,8012,No,RFn,0.0
625,2006,Unf,1250,528,4251,No,RFn,625.0
912,1962,Rec,1734,440,9786,No,,649.0
858,1971,BLQ,858,0,8125,No,None,
882,1967,BLQ,900,280,9819,No,Unf,0.0
698,1915,Unf,1396,384,8730,No,Unf,698.0
1079,2006,Unf,1919,685,15611,Av,RFn,840.0
780,1912,,1716,0,5687,No,None,780.0
768,1949,LwQ,1716,281,11409,No,Unf,568.0
795,1977,ALQ,2263,539,16659,No,Fin,795.0
1416,1953,GLQ,1644,418,9600,No,Fin,0.0
1003,1984,GLQ,1003,588,7937,Av,,0.0
910,1950,BLQ,1558,282,13710,No,Unf,648.0
975,1997,,1950,576,7399,No,RFn,975.0
702,1968,ALQ,1743,539,11700,No,Unf,702.0
1092,1950,Unf,1152,300,14000,No,Unf,0.0
1165,1953,BLQ,1336,375,15750,Mn,Unf,0.0
1028,1998,,2452,683,16226,No,Fin,1242.0
1541,2001,Unf,1541,843,13704,No,RFn,0.0
894,1972,ALQ,894,552,9800,No,Unf,0.0
1470,1880,Unf,3493,870,18386,No,Unf,1818.0
2000,2004,GLQ,2000,888,10386,No,,0.0
700,1990,ALQ,2243,746,13474,No,RFn,1121.0
319,1920,Unf,1406,0,7920,No,None,371.0
861,1940,BLQ,861,539,12342,No,,0.0
1896,2003,,1944,708,12378,Gd,Fin,0.0
697,1993,ALQ,1501,420,7685,No,Fin,804.0
972,1948,ALQ,972,240,8000,No,Unf,0.0
793,1939,Rec,1118,410,7800,Mn,Unf,325.0
2136,1965,ALQ,2036,513,215245,Gd,RFn,0.0
728,1925,LwQ,1641,546,9600,No,Unf,809.0
716,2004,,1432,432,7795,No,Fin,716.0
845,1980,GLQ,2353,484,13005,No,RFn,
1088,2006,Unf,1959,1025,9000,Av,RFn,871.0
1347,1993,GLQ,2646,656,9900,Gd,RFn,1274.0
1372,1980,GLQ,1472,588,14115,Av,Unf,0.0
1249,2006,Unf,2596,840,16259,Av,RFn,1347.0
1136,2004,GLQ,2468,872,12099,Av,,1332.0
1502,1986,LwQ,2730,576,10380,Gd,,1177.0
1162,1955,ALQ,1163,220,5820,No,Unf,0.0
710,1967,Unf,2978,564,11275,No,Fin,1080.0
720,1941,BLQ,803,360,5000,Av,Unf,0.0
1719,1993,GLQ,1719,473,10846,Gd,Fin,0.0
1383,1960,Rec,1383,292,11600,No,,0.0
844,1916,Unf,2134,441,11888,No,Unf,689.0
596,1920,Unf,1192,189,6402,Mn,Unf,596.0
1728,1964,GLQ,1728,352,10624,No,Unf,
1056,1958,Rec,1056,308,8176,No,RFn,0.0
3206,2003,GLQ,1629,880,10655,No,,0.0
1358,2004,GLQ,1358,484,8198,Av,RFn,0.0
943,1998,GLQ,1638,472,9042,Gd,Fin,
1499,1965,,1786,529,164660,Gd,Fin,167.0
1922,2005,GLQ,1922,676,14157,Gd,Fin,0.0
1536,2002,GLQ,1536,532,9135,Av,RFn,0.0
1208,1984,ALQ,1621,440,14145,Mn,,0.0
1215,1958,Rec,1215,297,12400,No,Unf,0.0
967,2002,Unf,1908,431,14191,No,Fin,915.0
721,1950,Unf,841,294,8400,No,Unf,
0,1949,None,1040,400,8544,None,Unf,0.0
1684,2005,GLQ,1684,564,8849,No,RFn,0.0
536,1976,Rec,1112,336,2592,No,Unf,576.0
972,1939,Unf,1577,312,6435,No,Unf,605.0
958,1960,BLQ,958,301,12772,Mn,RFn,0.0
1478,1960,BLQ,1478,498,17600,No,Unf,0.0
764,2003,GLQ,1626,474,2448,No,RFn,862.0
1848,2005,GLQ,2728,706,20431,No,Fin,880.0
1869,2007,Unf,1869,617,7820,No,RFn,0.0
1453,1986,GLQ,1453,445,5271,Gd,RFn,0.0
616,1941,LwQ,1111,200,9084,Mn,Unf,495.0
624,1928,Unf,720,484,8520,No,Unf,0.0
940,1940,LwQ,1595,240,8400,No,Unf,403.0
1200,1995,ALQ,1200,521,11249,No,RFn,0.0
1158,1992,GLQ,1167,400,9248,No,RFn,0.0
1142,1976,ALQ,1142,528,4224,No,Fin,0.0
1062,1958,BLQ,1352,288,6930,Av,Unf,0.0
1086,1998,GLQ,1924,592,12011,Av,RFn,838.0
888,1978,GLQ,912,470,7540,Av,RFn,
883,1940,Rec,1505,240,9144,No,,517.0
0,2003,,1922,672,7301,None,RFn,1427.0
483,1972,ALQ,987,264,1680,No,Unf,504.0
796,1976,GLQ,1574,566,18800,Mn,Fin,784.0
672,1920,Rec,1344,468,10690,No,Unf,672.0
1394,1963,BLQ,1394,514,9500,No,RFn,0.0
1099,1962,GLQ,1431,296,9150,Gd,RFn,0.0
1268,1954,LwQ,1268,244,7800,No,Fin,0.0
1063,1959,ALQ,1287,576,9830,No,Fin,0.0
953,2000,Unf,1664,460,8121,No,RFn,711.0
0,1959,None,1588,680,17120,None,Fin,468.0
744,1984,ALQ,752,264,7175,No,Unf,0.0
608,1953,BLQ,1319,270,10634,No,Unf,0.0
847,2003,,1928,434,8200,No,Fin,1081.0
683,1922,BLQ,904,0,10020,Gd,None,0.0
870,1996,GLQ,914,576,8846,Av,Unf,0.0
1580,2004,Unf,2466,610,11143,No,RFn,886.0
1856,2010,GLQ,1856,834,11394,Av,Fin,0.0
982,2000,Unf,1800,463,8123,No,Fin,793.0
1026,1924,LwQ,1691,308,5000,No,Unf,665.0
1293,2006,Unf,1301,572,7200,No,RFn,0.0
939,2006,Unf,1797,639,9245,Av,,858.0
784,1928,Unf,784,360,9000,No,Unf,0.0
1580,1992,GLQ,1953,501,53107,Av,Fin,874.0
1256,2004,GLQ,1269,430,3182,No,Fin,0.0
658,1910,Unf,1184,0,8410,No,None,526.0
1041,1976,ALQ,1125,352,7200,Av,Unf,0.0
1468,1999,Unf,1479,577,9382,No,RFn,0.0
1682,2007,GLQ,2332,846,12474,Av,Fin,590.0
861,1900,Rec,1367,384,8405,No,Unf,406.0
804,2001,ALQ,1961,560,12209,No,Fin,1157.0
0,1959,None,882,294,8339,None,RFn,0.0
788,1941,Rec,788,0,7446,No,None,0.0
735,1940,,1034,240,10134,No,Unf,299.0
1144,1956,BLQ,1144,596,9571,Av,Unf,
894,1972,Rec,894,600,7200,Av,RFn,0.0
864,1962,ALQ,1812,264,7590,No,RFn,936.0
961,1920,Unf,1077,338,8967,No,Unf,0.0
1092,2006,GLQ,1550,438,8125,No,Fin,438.0
1260,1996,GLQ,1288,500,14963,No,Fin,0.0
1310,2005,GLQ,1310,400,8767,Av,Fin,0.0
672,1940,Unf,672,240,10200,No,Unf,0.0
1141,1998,Unf,2263,420,12090,No,Fin,
806,1995,Unf,1572,373,10364,No,Fin,766.0
1281,1976,BLQ,1620,490,9991,No,Unf,0.0
1064,1936,Unf,1639,240,10480,No,Unf,0.0
840,1915,Unf,1680,308,15576,No,,840.0
1063,2006,Unf,2172,947,14154,No,RFn,1101.0
1034,2007,GLQ,2078,836,10800,No,Fin,1028.0
1276,1958,Unf,1276,350,9571,No,Unf,0.0
1056,1955,Rec,1056,572,34650,Mn,Fin,0.0
1470,2009,GLQ,1478,484,4403,Av,Fin,0.0
1008,1927,Unf,1028,360,8960,No,Unf,
1080,1993,BLQ,2097,678,11228,No,,1017.0
1340,2007,GLQ,1340,396,8899,Av,Fin,0.0
672,1978,ALQ,1400,440,7844,No,Fin,728.0
1370,1918,BLQ,2624,864,22420,No,Unf,1254.0
756,1940,ALQ,1134,240,8160,No,Unf,378.0
1056,1968,BLQ,1056,304,8450,No,Unf,0.0
1344,1997,GLQ,1344,784,7060,Gd,Fin,0.0
1602,1977,ALQ,1602,529,16635,No,Fin,0.0
988,1954,,988,520,21750,No,RFn,0.0
1470,1998,GLQ,2630,696,9200,No,,
1196,1956,LwQ,1196,297,9000,No,RFn,0.0
651,1946,Unf,1389,240,3378,No,Unf,682.0
1518,1989,GLQ,1644,569,12800,Gd,Fin,0.0
907,1957,Rec,907,352,8593,No,Unf,0.0
1208,2007,GLQ,1208,628,6762,No,RFn,
1392,1988,GLQ,1412,576,11457,Mn,Unf,0.0
483,1971,ALQ,987,264,1680,No,Unf,504.0
901,1920,,1198,0,5586,No,,110.0
765,1971,ALQ,1365,440,1920,No,Unf,600.0
926,1997,Unf,1604,470,10839,No,Fin,678.0
630,1972,ALQ,630,0,1890,Av,None,0.0
799,1996,GLQ,1661,550,10667,Av,RFn,834.0
648,1920,Unf,1118,440,4400,No,,
884,1926,Unf,904,180,6000,No,Unf,0.0
440,1913,LwQ,694,352,4280,No,Unf,0.0
684,1920,Unf,1196,528,12354,Mn,Unf,512.0
3094,2008,GLQ,2402,672,15431,Gd,Fin,0.0
1440,1955,ALQ,1440,0,12108,No,None,0.0
1078,1930,Unf,1573,360,6240,No,Unf,445.0
1258,2006,Unf,1258,648,3922,Av,Fin,0.0
915,1994,GLQ,1908,493,8750,No,Unf,975.0
1436,1956,Unf,1689,480,9855,No,Unf,0.0
1517,1966,,1888,578,16492,No,Fin,0.0
930,1998,Unf,1886,431,11214,No,Fin,930.0
780,1937,Unf,1376,198,8600,No,Unf,596.0
649,1948,ALQ,1183,308,6000,No,Unf,504.0
813,1930,Unf,813,270,5684,No,Unf,0.0
1533,1975,ALQ,1533,576,70761,Gd,Unf,0.0
872,1996,ALQ,1756,422,9303,No,Fin,868.0
768,2008,Unf,1590,676,9000,No,RFn,
1728,1976,ALQ,1728,560,9297,No,Unf,0.0
1242,1973,ALQ,1242,528,9600,No,Unf,0.0
624,1916,Unf,1344,513,4571,No,Unf,720.0
1364,1954,BLQ,1663,529,53227,Gd,,0.0
588,1925,Unf,1666,228,5100,No,Unf,833.0
709,1950,LwQ,1203,352,7015,No,Unf,224.0
832,2009,GLQ,1935,552,8004,No,Fin,1103.0
560,1936,ALQ,1135,576,7200,No,RFn,560.0
864,1965,Rec,864,360,8281,No,Unf,0.0
715,1934,LwQ,1660,240,11988,No,Unf,811.0
1040,1978,Rec,1040,0,8430,No,None,0.0
1375,2004,Unf,1414,398,3072,No,Fin,0.0
1277,1970,GLQ,1277,526,10628,Gd,Unf,0.0
728,1942,LwQ,1644,312,9480,No,Unf,
1626,2006,Unf,1634,866,11428,No,,0.0
832,1993,GLQ,1710,506,9291,No,RFn,878.0
1488,1985,GLQ,1502,528,6820,Av,RFn,0.0
808,1977,Unf,1969,534,11952,No,RFn,808.0
547,2005,,1072,525,3675,Gd,,0.0
1976,2006,,1976,908,14977,Gd,RFn,0.0
1494,2000,GLQ,1652,499,5330,Av,RFn,0.0
970,1963,GLQ,970,624,8480,No,Unf,0.0
1478,1997,GLQ,1493,508,13125,Gd,Fin,0.0
2153,2006,Unf,2643,694,13693,Av,Fin,574.0
1705,2007,GLQ,1718,826,10637,Gd,RFn,0.0
907,1937,Rec,1131,672,5925,No,Unf,0.0
1833,2004,GLQ,1850,772,16033,Gd,Fin,0.0
1792,2003,GLQ,1792,874,11846,Gd,Fin,0.0
910,1915,ALQ,1826,164,2500,No,Unf,
1216,1998,GLQ,1216,402,4500,No,Unf,
999,1962,ALQ,999,264,7758,No,Unf,0.0
1113,1950,ALQ,1113,264,9600,No,Unf,0.0
1073,1965,ALQ,1073,515,10289,No,RFn,0.0
1484,1971,ALQ,1484,487,12243,Av,Unf,0.0
954,1900,BLQ,2414,520,10800,No,,648.0
630,1970,GLQ,630,286,1526,Av,Unf,0.0
264,1976,Unf,1304,336,2665,Mn,Fin,688.0
806,1941,BLQ,1578,240,9490,No,Unf,620.0
728,2006,Unf,1456,429,15578,No,RFn,728.0
1269,1960,BLQ,1269,308,7931,No,Unf,0.0
190,1938,Unf,886,273,5784,No,Unf,0.0
720,1920,Rec,720,0,7879,No,None,0.0
3200,1992,GLQ,3228,546,12692,No,,0.0
1026,1925,Rec,1820,240,9120,No,Unf,687.0
864,1967,ALQ,899,288,7800,No,Fin,0.0
912,1958,BLQ,912,297,7535,No,Fin,0.0
672,1973,BLQ,1218,264,1890,No,Unf,546.0
866,2005,GLQ,1768,603,9803,No,RFn,902.0
1214,1965,ALQ,1214,461,9170,No,Unf,0.0
1501,1959,ALQ,1801,484,15602,No,Fin,0.0
855,1974,ALQ,1322,440,2308,No,Unf,
960,1952,Unf,1960,400,7596,No,Unf,1000.0
777,1993,,1911,471,9554,No,RFn,846.0
1218,2009,GLQ,1218,676,7862,No,Fin,0.0
689,1928,Rec,1378,360,9600,No,Unf,689.0
1041,1959,ALQ,1041,270,9600,No,RFn,0.0
1008,1951,BLQ,1363,288,14559,No,Unf,0.0
1368,2005,Unf,1368,474,6792,No,,0.0
864,1958,BLQ,864,624,9100,No,,0.0
1084,1983,ALQ,1080,484,9187,No,Unf,
768,1926,Unf,789,200,10594,No,Unf,0.0
2006,2009,GLQ,2020,900,12220,No,Fin,0.0
689,1972,Unf,2119,583,10448,No,,741.0
1264,1996,Unf,2344,889,10208,No,RFn,1067.0
794,1998,GLQ,1796,546,9531,Mn,RFn,914.0
1276,1926,Unf,2080,282,10918,No,Unf,804.0
0,1900,None,1294,0,10800,None,None,600.0
1244,1957,Rec,1244,336,11988,No,Unf,0.0
1004,1947,ALQ,1664,420,5000,No,,
3138,2007,GLQ,4676,884,40094,Gd,Fin,1538.0
1379,1996,,2398,834,11787,No,Fin,1015.0
1257,2005,Unf,1266,453,7500,No,Unf,0.0
928,1956,Rec,928,252,13300,No,Unf,0.0
1452,2008,GLQ,2713,858,14948,Av,Fin,1237.0
528,1920,,605,0,9098,Mn,,0.0
2035,1957,Rec,2515,484,32668,No,,0.0
1461,1988,GLQ,1509,600,10200,Av,RFn,0.0
611,1920,Unf,1362,502,6155,Mn,Fin,611.0
0,1955,None,827,392,7200,None,,0.0
0,1946,None,334,0,5000,None,None,0.0
707,2004,Unf,1414,403,9056,Av,Fin,707.0
1117,1910,GLQ,1347,0,7000,Gd,None,527.0
880,1998,Unf,1724,527,8924,Av,Fin,844.0
864,1972,BLQ,864,576,12735,No,Unf,0.0
1051,1968,BLQ,1159,336,11553,No,Unf,0.0
1581,2001,GLQ,1601,670,11423,Av,RFn,0.0
1838,2006,GLQ,1838,765,14601,Av,,0.0
969,2000,Unf,2285,648,11000,No,Fin,1288.0
1650,1998,LwQ,1680,583,10140,No,Fin,0.0
723,1998,GLQ,767,367,4058,Av,Fin,0.0
654,2006,GLQ,1496,426,17104,Av,RFn,
1204,1988,GLQ,2183,786,13837,No,Unf,806.0
1065,1923,Rec,1635,440,8737,No,Unf,720.0
768,1970,ALQ,768,624,7244,Av,Unf,0.0
825,1955,LwQ,825,720,8235,No,RFn,0.0
912,2003,Unf,2094,615,9375,No,Fin,1182.0
1069,1977,ALQ,1069,440,4043,No,RFn,0.0
928,1957,Rec,928,288,6000,No,Fin,0.0
1709,2006,Unf,1717,908,11146,Av,RFn,0.0
0,1949,None,1126,520,8777,None,Fin,0.0
998,2003,GLQ,2046,871,10625,No,RFn,1040.0
993,1922,Unf,1048,280,6380,No,Unf,
1092,1957,Rec,1092,299,14850,No,Fin,0.0
637,1920,Rec,1336,570,11040,No,Unf,439.0
729,1996,GLQ,1446,406,21872,Gd,Unf,717.0
1374,2003,Unf,1557,420,3196,Gd,Fin,0.0
1392,1957,,1392,528,11341,No,Unf,0.0
1389,1974,ALQ,1389,418,10010,Av,RFn,0.0
996,1940,BLQ,996,0,13907,No,None,0.0
1163,1918,Unf,1674,396,21780,Mn,Fin,511.0
1095,1992,GLQ,2295,590,13346,No,RFn,1129.0
806,1915,Unf,1647,216,6858,No,Unf,806.0
1122,2005,Unf,2504,656,11198,No,Fin,1370.0
1517,2004,GLQ,1535,532,10171,No,RFn,0.0
1496,1983,GLQ,2132,612,12327,Gd,Fin,636.0
943,1979,GLQ,943,600,7032,Gd,Unf,0.0
1728,1965,LwQ,1728,576,13101,No,Unf,0.0
864,1959,,864,288,7332,No,Unf,
846,2009,Unf,1692,650,13159,Av,RFn,846.0
384,2000,,1430,400,9967,No,RFn,656.0
372,1971,ALQ,1109,288,10500,Av,Unf,533.0
832,1947,Rec,1216,336,8480,No,Unf,384.0
861,1928,Unf,1477,216,6292,No,Unf,600.0
1164,1966,LwQ,1320,564,11777,Av,,0.0
689,2007,Unf,1392,540,3604,No,Unf,689.0
1050,1954,Unf,1795,352,12150,No,Unf,745.0
1144,1960,BLQ,1429,572,14585,No,Unf,0.0
2042,2008,,2042,1390,12704,No,RFn,0.0
816,1990,GLQ,816,0,11841,Av,None,0.0
1237,1893,Unf,2775,880,13500,No,Unf,
884,1935,,1573,240,6120,No,Unf,584.0
1868,2005,GLQ,2028,880,11443,Gd,RFn,0.0
816,1918,Rec,838,275,10267,Mn,Fin,0.0
840,1982,ALQ,860,528,8740,Av,Unf,0.0
1437,1968,GLQ,1473,452,25095,Gd,Unf,0.0
742,1930,Unf,935,308,9100,No,Unf,0.0
770,2004,GLQ,1582,520,8320,No,RFn,812.0
1722,2008,GLQ,2296,842,13478,Gd,RFn,568.0
816,1982,,816,816,6600,No,Fin,0.0
848,2003,GLQ,848,420,4435,Av,,0.0
924,1975,Unf,924,280,7990,No,Unf,0.0
1814,2005,GLQ,1826,758,11302,Gd,,0.0
684,1910,Unf,1368,216,3600,No,Unf,684.0
1258,2006,Unf,1402,648,3922,Av,Fin,0.0
1430,1977,ALQ,1647,621,12984,Mn,Fin,0.0
716,1980,,1556,452,1950,No,Fin,840.0
1058,2005,GLQ,1904,736,10927,Av,Fin,846.0
780,1937,,1375,544,9000,No,Unf,595.0
908,1992,GLQ,1915,506,10041,Mn,Fin,988.0
600,2004,Unf,1200,480,3182,No,RFn,600.0
1494,2002,GLQ,1494,530,12803,Mn,RFn,0.0
768,1965,BLQ,1986,486,13600,No,Unf,800.0
1040,1996,GLQ,1040,576,12464,No,,0.0
896,1948,GLQ,2008,230,7800,No,Unf,896.0
965,1934,BLQ,3194,380,12168,Mn,Unf,1254.0
1029,1961,Rec,1029,261,7943,Mn,Unf,0.0
1440,2000,GLQ,2153,736,11050,Mn,Fin,677.0
1032,1978,ALQ,1032,564,10395,Av,Unf,0.0
1299,2001,GLQ,1872,531,11885,Av,RFn,573.0
1120,2007,ALQ,1120,0,8402,No,None,0.0
630,1972,LwQ,630,0,1491,Av,None,0.0
936,1963,GLQ,1054,480,8800,Gd,RFn,0.0
783,2002,GLQ,1509,393,7861,No,Fin,702.0
832,1954,Unf,832,528,7227,No,Unf,0.0
1822,2007,,1828,774,11694,Av,Unf,0.0
1482,2003,GLQ,2262,749,12244,Gd,Fin,780.0
864,1914,BLQ,864,0,8248,No,None,
1522,1974,ALQ,2614,624,10800,No,RFn,1066.0
980,1977,BLQ,980,484,7064,No,Unf,0.0
756,2000,GLQ,1512,440,2117,No,Unf,756.0
732,1972,Rec,1790,484,10400,No,RFn,778.0
1116,1962,Unf,1116,440,10000,No,Unf,0.0
978,1960,Unf,1422,286,12342,No,RFn,0.0
1156,1955,BLQ,1520,364,9600,Av,RFn,0.0
1040,1969,Rec,2080,504,11606,Av,Unf,1040.0
1248,1964,GLQ,1350,520,9020,Gd,RFn,0.0
636,1880,Unf,1750,240,9000,No,Unf,661.0
1554,2006,GLQ,1554,627,4590,Mn,RFn,0.0
1386,1977,ALQ,1411,544,11900,No,Fin,0.0
1056,1954,BLQ,1056,260,9250,No,Unf,0.0
1056,1980,GLQ,1056,576,6979,No,Unf,0.0
1440,1914,LwQ,3395,0,10896,No,None,1440.0
264,1936,Unf,800,0,6120,No,None,0.0
811,1954,Unf,1387,256,6000,No,Unf,576.0
796,1910,Unf,796,0,8777,No,None,0.0
1520,2006,GLQ,1567,648,3982,Av,Fin,0.0
1518,2003,GLQ,1518,588,12677,Gd,RFn,
1057,2001,,1929,650,7050,No,Fin,872.0
1952,1972,,2704,538,13860,Gd,Fin,704.0
780,1969,Rec,1620,462,10793,No,Fin,840.0
1766,2009,GLQ,1766,478,9187,Mn,Fin,0.0
981,1971,ALQ,981,576,10530,No,Unf,0.0
0,1950,None,1048,420,7200,None,Unf,0.0
1094,1953,Rec,1094,495,10452,Mn,,0.0
756,1966,Unf,1839,442,7700,No,Unf,788.0
630,1970,BLQ,630,0,1936,Av,,0.0
813,2007,Unf,1665,562,8125,No,RFn,843.0
755,1940,Unf,1510,296,9084,Mn,,755.0
880,1996,Unf,1716,512,8750,No,RFn,807.0
756,1906,,1469,216,10320,No,Unf,713.0
2109,1995,GLQ,2113,839,10437,Gd,Fin,0.0
525,1971,Unf,1092,264,1680,No,Unf,
1053,1959,ALQ,1053,312,10007,No,RFn,0.0
776,1931,Unf,1502,270,7200,No,RFn,651.0
912,1948,Unf,1458,330,17503,No,Unf,546.0
1486,1964,BLQ,1486,480,9937,No,Fin,0.0
793,1976,Unf,1935,550,12384,No,RFn,793.0
1629,1994,GLQ,2448,711,46589,No,RFn,762.0
1392,1968,Unf,1392,576,13560,No,RFn,0.0
1138,1972,BLQ,1181,588,10012,Av,RFn,0.0
2077,2005,,2097,1134,20896,Mn,Fin,0.0
1406,2000,Unf,1936,504,11194,No,RFn,482.0
1021,1965,LwQ,2380,596,18450,No,Unf,915.0
1408,1994,GLQ,1679,575,8125,No,RFn,0.0
1188,1956,Rec,1437,576,14175,No,Unf,0.0
700,1922,Unf,1180,252,11600,No,Unf,0.0
738,2005,GLQ,1476,540,8633,No,Fin,
672,1925,BLQ,1369,300,6629,No,,672.0
1208,1977,ALQ,1208,546,11250,No,RFn,
1477,1957,GLQ,1839,416,14442,No,Fin,
1136,1965,Rec,1136,384,9200,No,,0.0
855,1978,ALQ,1441,440,2289,No,Unf,586.0
1095,1900,Unf,1774,779,9600,No,Unf,679.0
768,1924,Unf,792,240,9022,No,Unf,0.0
2046,2008,Unf,2046,834,11844,Mn,Fin,0.0
988,1961,Rec,988,572,9945,No,Unf,0.0
923,1980,BLQ,923,264,8012,No,RFn,
793,1932,Rec,1520,281,4500,No,Unf,672.0
1291,1996,GLQ,1291,431,2887,Mn,Unf,0.0
1626,2002,GLQ,1668,702,11248,Av,,0.0
1195,1998,Unf,1839,486,16770,No,Fin,644.0
1190,1984,GLQ,2090,577,5062,Mn,Fin,900.0
874,2007,Unf,1761,578,10207,No,Fin,887.0
551,2004,GLQ,1102,480,5105,No,Unf,551.0
1419,2007,,1419,567,8089,Av,RFn,0.0
1362,2005,ALQ,1362,460,7577,Av,,0.0
848,2004,GLQ,848,420,4426,Gd,RFn,0.0
2444,1994,GLQ,4316,832,21535,Gd,Fin,1872.0
1210,1989,GLQ,2519,628,26178,Gd,RFn,1281.0
1073,1921,Unf,1073,326,5400,No,,0.0
927,1936,Unf,1539,576,6120,No,Unf,472.0
1112,1987,GLQ,1137,551,13811,No,Unf,
616,1921,LwQ,616,205,6000,No,Unf,0.0
980,1952,LwQ,1148,308,6420,Mn,Unf,0.0
894,1965,GLQ,894,336,8450,No,Unf,0.0
1391,2004,,1391,530,4282,Mn,,0.0
1800,2002,GLQ,1800,765,14331,Gd,Fin,0.0
1164,1969,Unf,1164,528,9600,No,Unf,0.0
1234,2006,Unf,2576,666,12438,No,Fin,1312.0
360,1900,Unf,1812,672,7630,No,Unf,
1473,2004,GLQ,1484,606,8400,Av,RFn,0.0
0,1930,None,1092,0,5600,None,None,720.0
1643,1971,GLQ,1824,739,115149,Gd,Unf,0.0
1324,2006,GLQ,1324,550,6240,No,Fin,
728,2007,Unf,1456,400,9018,Av,Fin,728.0
876,1966,Unf,904,408,7162,No,Unf,0.0
270,1935,Unf,729,0,4130,No,,0.0
859,1900,Unf,1178,384,8712,Mn,RFn,319.0
1228,1988,GLQ,1228,472,4671,Mn,Fin,0.0
960,1970,ALQ,960,576,9873,Av,Unf,0.0
725,1976,GLQ,1479,475,13517,No,RFn,754.0
1064,1974,Unf,1350,478,10140,No,RFn,0.0
718,1890,,2554,704,10800,No,Unf,978.0
1176,1973,BLQ,1178,439,10000,No,Unf,0.0
1311,1993,GLQ,2418,983,10542,Gd,RFn,1093.0
971,1969,,971,300,9920,Gd,Unf,0.0
1742,1985,GLQ,1742,564,6563,Gd,RFn,0.0
848,2004,GLQ,848,420,4426,Av,,0.0
864,1970,ALQ,864,463,8120,No,Unf,0.0
941,1954,Unf,1470,548,8172,No,Unf,
1698,2007,GLQ,1698,768,13286,No,,0.0
864,1970,,864,660,6960,No,Unf,0.0
880,1988,GLQ,1680,540,21695,No,Fin,0.0
1232,2007,GLQ,1232,632,7314,Av,,
1584,1958,Unf,1776,888,11475,No,Unf,
780,1925,BLQ,1208,539,6240,No,Unf,0.0
1595,1995,GLQ,1616,608,5389,No,RFn,0.0
868,2003,GLQ,1146,438,9590,Av,,0.0
1153,1998,ALQ,2031,541,11404,Av,Fin,878.0
864,1961,BLQ,1144,264,10000,No,RFn,0.0
948,1968,Unf,948,300,8978,No,Unf,0.0
880,1914,,1768,320,10800,Mn,Unf,888.0
0,1950,,1040,400,8544,None,Unf,0.0
893,2005,Unf,1801,800,10463,No,,900.0
1200,1987,GLQ,1200,0,10800,Gd,None,0.0
864,2004,Unf,1728,572,9313,No,RFn,864.0
264,1910,Unf,1432,360,9600,No,Unf,664.0
912,1961,GLQ,912,288,6768,Mn,,0.0
1349,2000,,1349,539,8450,No,Unf,0.0
520,1963,ALQ,1464,480,12886,Av,RFn,0.0
1337,1993,GLQ,1337,462,5395,No,RFn,0.0
1142,1976,GLQ,2715,831,8963,No,Fin,1540.0
952,2000,GLQ,2256,554,8795,No,Fin,1276.0
1240,1880,Unf,2640,864,11700,No,Unf,1320.0
1720,1996,GLQ,1720,527,10593,No,Fin,
0,1945,None,1529,240,8405,None,Unf,441.0
576,1910,Unf,1140,0,8800,No,None,348.0
660,2003,Unf,1320,400,7750,No,Fin,660.0
1479,1997,GLQ,1494,576,9236,Gd,RFn,0.0
1030,2005,Unf,2098,878,10240,Mn,RFn,1060.0
1026,1969,GLQ,1026,440,7930,No,RFn,
729,1999,GLQ,1471,440,3230,No,Unf,729.0
866,2007,GLQ,1768,578,10769,Av,RFn,902.0
672,1978,Rec,1386,440,11616,Mn,Fin,714.0
744,1999,ALQ,1501,440,2280,No,Unf,
1318,1995,LwQ,2531,752,12257,Av,RFn,1203.0
864,1959,Rec,864,300,9100,No,Unf,0.0
1145,1924,LwQ,1301,440,6911,Mn,Unf,0.0
756,2009,GLQ,1547,614,8640,Mn,Unf,783.0
1252,1999,GLQ,2365,856,9430,Mn,,1097.0
1494,1995,LwQ,1494,481,9549,Av,Fin,0.0
1498,2008,Unf,1506,592,14587,No,,0.0
980,1988,,1714,496,10421,No,Unf,734.0
983,1940,ALQ,1750,423,12508,Mn,Unf,767.0
1860,2004,GLQ,1836,484,9100,No,Fin,0.0
1650,2003,ALQ,3279,841,53504,Gd,Fin,1589.0
858,1982,GLQ,858,576,7252,Av,Unf,0.0
836,1951,LwQ,1220,396,8877,No,Unf,0.0
1029,1976,ALQ,1117,672,7819,Av,,0.0
912,1958,Rec,912,275,10150,No,RFn,0.0
1935,2006,Unf,1973,895,14226,Av,Fin,0.0
1204,1998,GLQ,1204,412,4500,No,,0.0
1614,2005,GLQ,1614,865,11210,Av,RFn,0.0
864,1974,ALQ,894,440,13350,No,Unf,0.0
0,1977,None,2020,630,8400,None,Unf,0.0
975,1977,GLQ,1004,504,10530,Gd,Unf,0.0
1237,1995,Unf,1253,402,7875,No,Fin,0.0
761,1992,ALQ,1603,484,7153,No,RFn,
1413,2001,Unf,1430,605,16285,No,RFn,0.0
1097,1978,GLQ,1110,602,9101,Av,Fin,0.0
742,1914,Unf,1484,0,6300,No,None,742.0
1372,1967,Rec,1342,457,9790,No,Unf,0.0
686,1915,LwQ,1652,416,10800,No,Unf,686.0
956,2004,GLQ,2084,618,10142,No,RFn,1128.0
901,1954,Unf,901,281,6000,No,Unf,0.0
832,1966,LwQ,2087,444,12205,Gd,Fin,1111.0
1145,2005,GLQ,1145,397,3182,No,Fin,0.0
1029,1976,ALQ,1062,539,11333,Av,RFn,0.0
1117,1996,,2013,455,9920,Av,Unf,886.0
1496,2007,Unf,1496,474,9158,Av,,0.0
712,1994,Unf,1895,409,10832,No,Fin,809.0
650,1980,Unf,1564,476,8400,No,Unf,676.0
660,1977,Unf,1285,528,8197,No,RFn,0.0
773,1953,,773,240,7677,No,Unf,0.0
1926,2008,Unf,3140,820,13518,No,Fin,1174.0
731,1937,ALQ,1768,240,7200,No,Unf,787.0
616,1997,GLQ,1688,603,12798,Gd,RFn,1072.0
1196,1916,LwQ,1196,440,4800,No,Unf,0.0
728,2005,GLQ,1456,410,8199,Av,Fin,728.0
1734,2008,Unf,2822,1020,13891,Gd,RFn,1088.0
936,1954,LwQ,1128,286,9000,No,Unf,0.0
1417,2008,,1428,554,12274,No,RFn,0.0
980,1967,,980,384,9750,Av,Fin,
1324,1923,GLQ,1576,528,21384,Gd,RFn,504.0
1024,1966,ALQ,1086,484,13400,Av,RFn,0.0
849,1898,Unf,2138,360,8100,No,Unf,1063.0
1040,1974,ALQ,1309,484,10140,No,RFn,0.0
848,2004,GLQ,848,420,4438,Gd,Fin,0.0
540,1952,Unf,1044,504,8712,Av,Unf,0.0
1442,1958,Rec,1442,301,9750,No,RFn,0.0
686,1918,Unf,1250,280,8248,No,,564.0
1649,1998,Unf,1661,598,12137,No,RFn,0.0
1008,1954,BLQ,1008,275,11425,No,,0.0
1568,2002,GLQ,1689,857,13265,No,RFn,0.0
1010,1971,,1052,440,8816,Av,Unf,0.0
1358,2009,,1358,484,6371,Mn,RFn,
798,2003,Unf,1640,595,7226,No,RFn,
936,1953,Unf,936,576,6000,No,Unf,0.0
847,2003,Unf,1733,433,12394,Gd,Fin,886.0
778,1940,Unf,1489,240,9900,No,Unf,545.0
1489,2006,Unf,1489,776,11216,No,RFn,0.0
2078,2007,GLQ,2084,1220,14803,Av,Fin,
784,1924,ALQ,784,0,6130,No,None,0.0
1454,2001,GLQ,1434,527,8529,No,RFn,0.0
1013,1967,LwQ,2126,538,28698,Gd,Fin,966.0
600,2005,Unf,1223,480,2544,No,RFn,623.0
1392,1957,Rec,1392,458,11900,No,RFn,0.0
600,2005,Unf,1200,480,3180,No,RFn,600.0
941,2003,GLQ,1829,613,9548,No,RFn,888.0
1516,1964,Rec,1516,472,10004,No,RFn,0.0
1144,1961,Rec,1144,456,7875,No,Unf,0.0
1067,1950,BLQ,1067,436,9600,No,Unf,0.0
1559,1948,Rec,1559,812,8100,No,Unf,0.0
483,1973,BLQ,987,264,1680,No,Unf,504.0
1099,1995,Unf,1099,352,9525,No,Unf,0.0
768,1946,BLQ,1200,240,11767,No,Unf,432.0
672,1925,BLQ,1482,400,12155,No,Unf,672.0
650,1904,Unf,1539,686,10440,No,Unf,581.0
1127,1966,Rec,1165,490,9020,Gd,RFn,0.0
1800,1961,Unf,1800,0,8000,No,None,0.0
876,1915,Unf,1416,720,12665,Mn,Unf,540.0
1390,1975,ALQ,1701,611,16647,Gd,Fin,0.0
740,1993,ALQ,1775,425,9317,No,,769.0
864,1972,BLQ,864,338,15523,Av,Unf,0.0
907,1908,Unf,2358,360,45600,No,,1051.0
528,1976,Unf,1855,512,9600,No,RFn,761.0
848,2003,GLQ,848,420,4435,Av,Fin,0.0
1273,2003,Unf,1456,400,3196,Gd,Fin,0.0
918,1941,Rec,1646,240,7128,No,Unf,728.0
1127,1964,,1445,645,12095,Gd,RFn,0.0
1763,1955,ALQ,1779,454,17920,Mn,Unf,0.0
1040,1962,ALQ,1040,260,6897,No,Unf,0.0
940,1978,GLQ,1026,576,10970,Gd,Unf,0.0
702,1994,Unf,1481,343,8125,No,Fin,779.0
1090,1976,Unf,1370,479,10400,No,RFn,0.0
1054,1968,BLQ,2654,619,11029,Mn,,1142.0
912,1918,Unf,1426,216,7642,No,Unf,514.0
1039,1965,BLQ,1039,504,11625,Mn,Unf,0.0
1040,1984,GLQ,1097,480,9672,No,Unf,
1148,1959,BLQ,1148,672,7931,No,Unf,0.0
1372,2007,Unf,1372,529,8640,No,Fin,
1002,1970,BLQ,1002,902,8750,No,Unf,0.0
1638,2006,,1646,870,10656,Av,RFn,0.0
1040,1961,ALQ,1120,544,6970,No,RFn,0.0
0,1948,None,2320,672,14762,None,Unf,720.0
1050,1993,GLQ,1949,574,9938,No,Fin,887.0
894,1962,Unf,894,308,6600,No,,0.0
804,1998,GLQ,1682,523,8750,No,RFn,878.0
105,1953,Unf,910,414,8892,Av,Unf,0.0
832,1949,Rec,1268,288,12144,No,Unf,0.0
676,1941,Unf,1131,200,5720,No,Unf,455.0
1184,2007,GLQ,2610,550,9000,Av,Fin,1426.0
1064,1963,ALQ,1040,648,25286,Gd,Unf,0.0
1462,2004,GLQ,2224,738,8834,No,Fin,
1109,1961,ALQ,1155,576,11782,Av,Unf,0.0
864,1978,ALQ,864,336,7000,No,Unf,0.0
1090,2005,ALQ,1090,450,7024,No,Fin,0.0
1156,1990,LwQ,1717,400,13758,Mn,RFn,530.0
808,1992,Unf,1593,389,9636,No,RFn,785.0
795,1912,Unf,2230,440,6204,No,Unf,795.0
892,1967,BLQ,892,288,7150,No,RFn,0.0
1698,1999,GLQ,1709,506,5119,Av,Fin,0.0
1626,1959,LwQ,1712,588,8393,No,Fin,0.0
816,1955,Unf,1393,300,16466,No,Unf,521.0
2217,1970,ALQ,2217,621,15865,Gd,Unf,0.0
1505,1953,,1505,505,12160,No,RFn,0.0
672,1949,,924,576,8064,Mn,Unf,252.0
918,1978,LwQ,1683,440,11184,No,RFn,765.0
1059,1963,GLQ,1068,264,8414,No,RFn,0.0
1383,1954,BLQ,1383,354,13284,Mn,,0.0
0,1979,None,1535,400,7018,None,Unf,0.0
780,1963,BLQ,1796,483,7056,No,RFn,813.0
951,1936,ALQ,951,327,8765,No,Unf,0.0
0,1979,None,2240,528,7018,None,Unf,1120.0
2330,2009,GLQ,2364,820,12919,Gd,Fin,0.0
912,1961,BLQ,1236,288,6993,No,Unf,0.0
858,1971,ALQ,858,684,7340,No,Unf,0.0
992,1957,BLQ,1306,756,8712,Mn,Unf,0.0
783,2003,Unf,1509,393,7875,No,Fin,702.0
1670,2006,Unf,1670,690,14859,No,RFn,0.0
876,1967,GLQ,902,288,6173,No,Unf,0.0
1056,1954,Rec,1063,280,9920,No,RFn,0.0
1623,2006,GLQ,1636,865,13501,No,RFn,0.0
1017,1936,Rec,2057,180,11500,No,Fin,1037.0
864,1983,BLQ,902,484,8885,Av,Unf,0.0
742,2005,Unf,1484,390,12589,No,Fin,742.0
1105,1960,Rec,2274,480,11600,No,,1169.0
1268,1977,ALQ,1268,252,9286,Av,Unf,0.0
768,1925,Rec,1015,450,6120,No,Unf,0.0
1001,1949,BLQ,2002,871,6270,No,Unf,1001.0
612,2009,GLQ,1224,528,3000,Av,RFn,612.0
546,1970,Unf,1092,286,2001,No,Unf,546.0
480,1949,BLQ,480,308,9000,Av,,0.0
1134,1956,ALQ,1229,284,17140,No,RFn,0.0
1104,1991,BLQ,2127,833,13125,Mn,RFn,1215.0
1184,1958,ALQ,1414,601,11029,No,Unf,0.0
928,1994,GLQ,1721,471,8462,No,,785.0
1272,1900,ALQ,2200,0,8777,No,None,928.0
1316,2005,GLQ,1316,397,10237,No,Fin,0.0
1604,1993,LwQ,1617,533,8012,No,,0.0
1686,1980,BLQ,1686,612,10240,No,Unf,0.0
1126,1977,ALQ,1126,540,15611,Av,RFn,0.0
1181,2003,Unf,2374,656,11999,No,Fin,1140.0
832,1968,BLQ,1978,486,9900,No,RFn,880.0
1753,2001,Unf,1788,522,11838,Av,RFn,0.0
964,1997,Unf,2236,642,13006,No,Fin,1243.0
1466,2007,GLQ,1466,610,8925,Av,Fin,
925,1965,BLQ,925,429,9100,No,Unf,0.0
1905,2006,Unf,1905,788,11670,No,Fin,0.0
1500,2004,GLQ,1500,570,8487,Av,RFn,0.0
585,1960,GLQ,2069,505,27650,Gd,RFn,0.0
600,1926,Unf,747,528,5825,Mn,Unf,0.0
1176,2003,,1200,555,10083,No,RFn,0.0
1113,2005,GLQ,1971,689,9675,Mn,RFn,858.0
1391,2006,GLQ,1962,868,8760,Mn,RFn,571.0
1032,1940,Unf,2403,349,24090,Mn,Unf,1196.0
1728,1976,Rec,1728,574,12640,Gd,Unf,0.0
992,1999,ALQ,2060,390,8755,No,RFn,1038.0
1440,1977,,1440,0,7711,Gd,None,0.0
1632,1967,Unf,1632,576,25000,Av,Unf,0.0
819,1958,GLQ,1344,525,14375,No,RFn,0.0
1088,1890,LwQ,1869,456,8820,No,Unf,561.0
1144,1959,,1144,796,8163,Av,RFn,0.0
1616,2002,GLQ,1629,808,14536,Av,Fin,0.0
936,2002,Unf,1776,474,14006,None,RFn,840.0
1161,1972,ALQ,1381,676,9360,No,,0.0
864,1950,ALQ,864,720,7200,No,RFn,0.0
828,1965,BLQ,965,300,7800,No,Unf,0.0
768,1972,,768,396,7200,Av,Fin,0.0
784,1969,,1968,530,11075,Av,RFn,800.0
945,1975,,980,0,9400,Gd,None,0.0
979,1946,Rec,1958,492,7136,No,Unf,979.0
561,1980,ALQ,1229,462,1300,No,Fin,668.0
1057,1962,Rec,1057,576,7420,No,Fin,0.0
1337,2003,GLQ,1337,531,8450,Mn,RFn,0.0
696,1999,ALQ,1416,484,2572,No,Unf,720.0
858,1958,BLQ,858,0,7207,Gd,None,0.0
1330,1977,ALQ,2872,619,12227,No,Fin,1330.0
804,1976,,1548,440,2308,No,Unf,744.0
1800,2007,Unf,1800,702,11923,No,Fin,0.0
817,2002,GLQ,1894,510,11316,No,,1070.0
783,2005,,1484,393,10237,No,Fin,701.0
728,1940,Rec,1308,256,9600,No,Unf,332.0
1098,1955,ALQ,1098,260,7390,No,,0.0
600,1910,Unf,968,0,5925,No,None,
588,1958,ALQ,1095,264,10382,Gd,,0.0
720,1949,Unf,1192,0,10800,No,None,472.0
764,2003,GLQ,1626,474,2268,No,RFn,862.0
918,1979,Unf,918,264,7892,No,Unf,0.0
1428,2007,Unf,1428,480,11639,No,Fin,0.0
728,1910,Unf,2019,532,11414,No,Unf,883.0
673,2000,GLQ,1382,490,2651,No,Unf,709.0
440,1923,Unf,869,0,5900,No,None,0.0
1241,2006,GLQ,1241,569,4274,No,,0.0
894,1954,,894,400,9450,No,Unf,0.0
1121,1963,Rec,1121,480,8816,No,Unf,0.0
944,1961,ALQ,999,588,12122,Av,RFn,0.0
1225,1998,GLQ,2612,676,12203,No,Fin,1336.0
1266,2007,Unf,1266,388,3182,Av,Fin,0.0
1128,2002,Unf,2290,779,11250,Mn,Unf,1141.0
0,1977,None,1734,539,10125,None,Unf,432.0
1164,1950,ALQ,1164,240,10880,No,Unf,0.0
485,1910,Unf,1635,255,5310,No,Unf,634.0
1930,2009,GLQ,1940,606,10159,Av,Fin,0.0
848,1976,LwQ,2030,551,12046,No,Fin,912.0
770,2006,Unf,1576,614,8125,No,RFn,798.0
1396,1997,GLQ,2392,870,9452,No,Fin,985.0
916,1882,BLQ,1742,424,17671,No,Unf,826.0
822,1964,BLQ,1851,440,9760,Gd,RFn,831.0
750,2005,Unf,1500,564,8846,No,RFn,750.0
1700,2006,GLQ,1718,786,12456,Gd,Fin,
747,1946,ALQ,1230,305,4712,No,Unf,456.0
1050,1961,Rec,1050,368,10659,No,Unf,0.0
1442,1970,Unf,1442,615,11717,No,RFn,0.0
1007,1922,Unf,1077,210,9786,No,Unf,0.0
1187,2006,GLQ,1208,632,6762,Av,RFn,0.0
0,1952,None,944,528,10206,None,Unf,0.0
691,1920,Unf,691,216,5400,No,Unf,0.0
1574,2006,GLQ,1574,824,11957,No,RFn,0.0
1680,1976,Unf,1680,528,11500,No,Unf,0.0
1346,2005,GLQ,1504,457,3182,No,Fin,0.0
985,1977,GLQ,985,328,8385,Av,Unf,0.0
1657,1970,LwQ,1657,484,12155,No,Unf,0.0
546,1970,BLQ,1092,286,2217,No,RFn,
1710,2004,Unf,1710,550,12118,Mn,,0.0
1008,1926,Unf,1522,0,6000,No,None,0.0
720,1948,Unf,1271,312,21286,No,,551.0
0,1965,None,1664,0,9825,None,None,0.0
602,1923,Unf,1502,180,10592,No,Unf,602.0
1022,1910,,1022,280,7200,No,Unf,0.0
1082,1948,BLQ,1082,240,11664,No,Unf,0.0
810,2001,GLQ,1665,528,8400,No,Fin,855.0
1504,1996,GLQ,1504,478,11883,Gd,Fin,0.0
1220,1984,GLQ,1360,565,5814,Av,RFn,0.0
384,1991,Unf,1472,402,10784,No,RFn,670.0
1362,2005,GLQ,1506,440,3013,Gd,,0.0
1132,2005,GLQ,1132,451,7024,No,Fin,0.0
1199,2006,GLQ,1220,632,7406,Av,RFn,0.0
912,1930,LwQ,1248,160,9439,No,Unf,336.0
1346,2005,GLQ,1504,437,3182,No,Fin,0.0
1565,1976,ALQ,2898,665,15498,Av,Fin,0.0
882,1972,LwQ,882,461,7700,No,Unf,0.0
1268,1960,Rec,1264,461,9300,No,Unf,0.0
1638,2007,GLQ,1646,800,9520,Gd,RFn,0.0
768,1941,Rec,1376,240,9492,No,Unf,408.0
672,1972,BLQ,1218,264,1680,No,Unf,546.0
686,1916,Unf,1928,0,7082,Mn,None,980.0
824,1920,GLQ,3082,672,15863,No,Fin,998.0
1338,1993,GLQ,2520,796,14541,No,RFn,1168.0
1654,2002,GLQ,1654,900,8125,No,Unf,0.0
920,1938,Unf,954,240,6305,No,Unf,0.0
0,1957,None,845,290,11500,None,Unf,0.0
1620,2007,GLQ,1620,912,12898,Gd,Fin,0.0
1055,2001,Unf,2263,905,9240,No,Fin,1208.0
546,1970,Unf,1344,0,1533,No,None,546.0
630,1970,GLQ,630,286,1477,Av,Unf,
1134,1957,Rec,1803,484,13125,No,RFn,0.0
800,1966,GLQ,1632,484,9130,No,Unf,832.0
1306,2005,ALQ,1306,624,5381,Av,,0.0
1475,1990,GLQ,2329,514,11839,No,Unf,797.0
2524,1981,ALQ,2524,542,9600,No,Fin,0.0
0,1955,None,1733,452,13680,None,Unf,0.0
1992,2005,GLQ,2868,716,16056,Av,Fin,876.0
990,1994,GLQ,990,672,9245,No,Unf,0.0
0,1960,None,1771,336,21750,None,Unf,0.0
0,1946,,930,308,11100,None,Unf,0.0
1302,2007,Unf,1302,436,8993,Av,Fin,0.0
1316,2007,,1316,440,11175,Av,Fin,0.0
816,1964,Rec,1977,540,9500,No,RFn,850.0
1216,1957,Rec,1526,364,8562,Av,,0.0
1065,2002,GLQ,1989,586,11367,Mn,Fin,898.0
1193,1976,ALQ,1523,478,11361,No,Fin,0.0
1364,2005,GLQ,1364,484,7052,Av,RFn,0.0
973,1994,GLQ,1850,467,29959,No,Fin,871.0
1104,2008,GLQ,2184,836,11308,Av,Fin,1054.0
854,1932,Rec,1991,432,11275,Mn,Unf,895.0
1338,2001,GLQ,1338,582,4920,Mn,Fin,0.0
894,1935,Unf,894,1248,18000,No,RFn,0.0
662,1900,Unf,2337,560,13600,No,Unf,915.0
1103,1925,BLQ,1103,440,6000,No,,0.0
1154,1966,BLQ,1154,480,11000,Mn,RFn,0.0
1306,1996,GLQ,2260,533,14000,Gd,,954.0
799,1993,Unf,1571,380,7837,No,RFn,772.0
780,1964,GLQ,1611,442,9760,Gd,RFn,813.0
942,1973,ALQ,2521,576,3964,No,,1230.0
845,1949,ALQ,893,576,9600,No,Unf,0.0
1048,1956,BLQ,1048,286,10152,No,Unf,0.0
727,1968,Rec,1556,441,11700,No,,727.0
810,1948,Unf,1456,280,7585,Mn,Unf,454.0
690,1977,BLQ,1426,440,7950,No,Fin,728.0
1240,2006,Unf,1240,826,8556,Av,RFn,0.0
800,1940,BLQ,1740,240,13125,No,Unf,780.0
796,1936,ALQ,1466,566,10800,No,,370.0
1096,1969,BLQ,1096,299,15870,Mn,Fin,0.0
848,2004,GLQ,848,420,4435,Mn,RFn,0.0
990,1994,GLQ,990,299,8775,No,Unf,0.0
1258,1971,ALQ,1258,528,11040,No,,0.0
1040,1963,ALQ,1040,308,7500,No,Fin,0.0
1459,2002,,1459,527,8749,No,RFn,0.0
1251,1964,,1251,461,8800,No,,0.0
691,1995,ALQ,1498,409,13031,No,Fin,807.0
936,1992,GLQ,996,564,9069,Av,Unf,0.0
546,1973,BLQ,1092,286,1974,No,RFn,546.0
1082,2005,Unf,1953,1043,10574,Mn,RFn,871.0
970,2004,Unf,1709,380,2522,No,Unf,739.0
1247,2005,GLQ,1247,550,3316,No,Fin,0.0
0,1950,None,1040,400,8544,None,Unf,0.0
600,1999,BLQ,1252,462,2160,No,,628.0
1181,1925,Rec,1694,576,8400,No,Unf,304.0
864,1965,GLQ,1200,884,9230,Mn,Unf,0.0
936,1956,BLQ,936,308,5868,No,Fin,0.0
1314,2006,GLQ,1314,440,9317,No,RFn,0.0
684,1914,Unf,1355,0,6882,No,None,582.0
1074,1986,Unf,1088,461,3696,No,RFn,0.0
672,1936,BLQ,1324,240,6000,No,Unf,567.0
1271,1978,ALQ,1601,478,11880,No,RFn,
290,1920,Rec,438,246,8400,No,Unf,0.0
950,1971,BLQ,950,280,9758,No,Unf,0.0
1010,1960,,1134,254,7000,No,,0.0
655,1959,ALQ,1194,539,8910,Mn,Fin,0.0
630,1970,Unf,1302,440,2016,No,Unf,672.0
1463,1994,GLQ,2622,712,12256,Av,RFn,
910,1990,GLQ,1442,719,10357,Mn,Fin,0.0
868,2006,Unf,2021,422,23257,No,RFn,1134.0
924,2000,Unf,1690,463,8063,No,RFn,742.0
1836,2004,GLQ,1836,862,11362,Mn,Fin,0.0
773,1995,GLQ,1658,431,8000,No,Fin,885.0
803,1976,,1964,483,10480,No,RFn,866.0
816,1957,GLQ,816,308,7100,No,Unf,0.0
1008,1953,BLQ,1008,240,8923,No,Unf,0.0
833,1954,Rec,833,326,5400,No,Unf,0.0
1734,2007,GLQ,1734,928,12085,No,,0.0
408,2002,GLQ,1419,527,7750,No,Fin,640.0
894,1967,BLQ,894,450,9764,No,RFn,0.0
533,1958,Unf,1601,300,13825,No,RFn,580.0
1040,1959,LwQ,1040,286,7560,No,RFn,0.0
1012,1920,Unf,1012,308,8263,No,Unf,0.0
1552,2005,GLQ,1552,782,10084,Av,,0.0
672,1956,Unf,960,288,8926,No,Unf,0.0
698,1947,Unf,698,0,9405,No,None,0.0
384,1992,Unf,1482,392,9125,No,Fin,670.0
1005,1955,Unf,1005,672,10434,No,Unf,0.0
1373,2007,Unf,1555,660,3684,No,Fin,0.0
1530,2004,GLQ,1530,630,14572,Av,Fin,0.0
847,2004,Unf,1959,434,11796,Av,Fin,1112.0
936,1980,GLQ,936,672,7200,Gd,Unf,0.0
1122,1928,BLQ,1981,576,7804,No,Unf,653.0
974,1991,BLQ,974,0,10712,Mn,None,0.0
1008,1880,Unf,2210,205,9900,Mn,Unf,1032.0
1128,1995,GLQ,2020,466,9828,No,RFn,878.0
916,1997,Unf,1600,460,8773,Av,Fin,684.0
960,1926,Unf,986,180,6180,No,Unf,0.0
1032,1950,BLQ,1252,288,9600,No,Unf,220.0
780,1875,Unf,1020,0,6342,No,None,240.0
1567,1977,ALQ,1567,714,9819,Gd,RFn,0.0
915,1920,BLQ,1167,495,8731,No,Unf,0.0
952,1951,ALQ,952,840,7350,Mn,Unf,0.0
780,1976,ALQ,1868,484,10304,No,Unf,780.0
1466,2006,GLQ,2828,1052,9965,Gd,RFn,1362.0
1006,1959,GLQ,1006,0,9000,No,None,0.0
672,1941,BLQ,924,280,12180,No,Unf,252.0
1042,1928,Unf,1576,225,6240,No,Unf,534.0
1298,1985,GLQ,1298,403,11200,No,,
704,1941,Rec,1564,234,12000,No,Unf,704.0
572,1926,Unf,1111,288,5700,No,Unf,539.0
650,1920,ALQ,1482,324,9000,No,Unf,650.0
932,1950,Unf,932,306,8280,No,Unf,0.0
1466,1959,,1466,528,17755,No,Fin,0.0
1073,1956,ALQ,1811,470,14115,No,Fin,
816,1930,,816,432,5890,Av,Unf,0.0
864,1965,ALQ,1820,492,13700,Gd,Unf,918.0
1437,1976,ALQ,1437,528,10768,Gd,RFn,0.0
1219,1965,ALQ,1265,502,9350,Gd,RFn,0.0
1314,2007,GLQ,1314,626,5001,No,,0.0
1580,2007,Unf,1580,830,11932,No,RFn,0.0
901,1974,ALQ,1876,540,9120,No,RFn,933.0
855,1978,,1456,440,2280,No,Unf,601.0
1296,1954,BLQ,1640,924,14778,No,Unf,0.0
894,1968,BLQ,894,450,8724,No,,0.0
1198,1969,,1258,400,12900,Av,Unf,0.0
1360,1978,ALQ,1432,588,16157,Gd,Unf,0.0
1502,2009,Unf,1502,644,9541,No,RFn,0.0
1694,2008,Unf,1694,776,10475,Av,,0.0
959,2000,GLQ,1671,472,10852,No,Fin,712.0
1127,1935,Rec,2108,540,13728,No,Unf,872.0
1930,1995,GLQ,3627,807,35760,Gd,Fin,1796.0
1096,1977,ALQ,1118,358,9880,Av,Fin,0.0
1261,1958,ALQ,1261,433,9120,No,RFn,0.0
625,2006,Unf,1250,625,4017,No,Fin,625.0
1598,1946,Rec,3086,0,18030,No,,971.0
952,1932,Rec,2345,360,16560,No,Unf,1175.0
1683,1992,GLQ,2872,541,10678,No,Fin,743.0
876,1984,ALQ,923,264,6951,No,Unf,0.0
818,1926,Rec,1224,210,3950,No,Unf,406.0
731,1921,Unf,1343,186,7681,No,Unf,523.0
0,1954,,1124,0,8335,None,None,0.0
1216,1990,LwQ,2514,693,11170,No,Fin,1216.0
1600,2008,GLQ,1652,482,5587,Gd,,0.0
2396,1996,GLQ,4476,813,15623,Av,Fin,2065.0
1120,1920,,1130,720,10800,No,Unf,
1572,1963,Rec,1572,995,35133,Gd,RFn,0.0
784,1924,BLQ,1221,392,9738,No,Unf,272.0
978,1900,BLQ,1699,420,10615,Mn,Unf,685.0
1624,1994,GLQ,1624,757,12461,No,RFn,0.0
831,2002,Unf,1660,493,8935,No,RFn,829.0
994,1999,Unf,1804,442,7500,No,Fin,776.0
1249,1961,BLQ,1622,1356,32463,Av,Fin,0.0
776,1999,Unf,1441,492,2645,No,Unf,677.0
702,1925,Unf,1472,250,9600,Mn,Unf,630.0
1224,1999,GLQ,1224,402,4500,No,Fin,0.0
663,1969,ALQ,1352,299,9364,No,Fin,689.0
728,2005,Unf,1456,400,8029,No,,728.0
879,2006,Unf,1863,660,14054,Av,Fin,984.0
815,1916,Unf,1690,225,8850,No,,875.0
1212,2001,Unf,1212,573,9100,No,RFn,0.0
1051,1963,Rec,1382,459,11235,No,,0.0
864,1970,Unf,864,280,9353,No,,0.0
866,1998,Unf,1779,546,10400,Av,RFn,913.0
884,1925,,1348,216,6000,No,Unf,464.0
1630,2000,,1630,451,9750,No,Unf,0.0
1056,1975,ALQ,1074,495,10140,No,RFn,0.0
2158,1990,ALQ,2196,701,14684,Mn,RFn,0.0
1056,1966,Rec,1056,384,8900,No,Unf,0.0
1682,2003,GLQ,1700,544,9135,Av,RFn,0.0
931,1962,Rec,1283,506,7763,No,Unf,0.0
1660,2006,GLQ,1660,500,10182,Mn,RFn,0.0
1055,1992,Unf,1845,462,11218,No,RFn,790.0
559,1988,GLQ,1752,492,12134,Av,RFn,672.0
672,1941,Rec,672,234,9340,No,Unf,0.0
648,1965,GLQ,960,364,10246,Av,Unf,0.0
925,1962,BLQ,999,300,10205,Av,Unf,0.0
894,1966,Rec,894,384,7094,No,,0.0
0,1978,None,1902,539,8930,None,Unf,584.0
1300,2009,GLQ,1314,552,8640,Mn,RFn,0.0
0,1947,None,912,0,6240,None,None,
672,1971,,1218,0,1680,No,None,546.0
912,1964,Rec,912,288,7800,No,Unf,0.0
952,1968,BLQ,1211,322,8250,No,,0.0
1040,1949,Rec,1846,315,10496,Mn,Unf,678.0
2136,1951,LwQ,2136,528,10680,No,Unf,0.0
788,2004,GLQ,1490,388,15384,Av,Fin,702.0
588,1958,GLQ,1138,264,10482,Av,,0.0
894,2007,Unf,1933,668,14598,Mn,Fin,1039.0
912,1965,ALQ,912,576,8872,No,Unf,0.0
1702,2008,GLQ,1702,1052,8769,No,Fin,0.0
1075,1960,ALQ,1507,404,7910,No,Unf,0.0
1361,1977,GLQ,2620,600,18890,No,RFn,1259.0
1106,1962,ALQ,1190,540,7728,Av,,0.0
0,1962,None,1224,462,9842,None,Unf,0.0
1188,1959,Rec,1188,531,12160,No,RFn,
940,1911,Unf,1964,0,8525,Av,None,940.0
747,1914,Unf,1784,180,13132,Mn,Unf,892.0
764,2003,Unf,1626,474,2628,No,RFn,862.0
847,2004,Unf,1948,434,12393,No,,1101.0
1141,2005,Unf,1141,484,13072,No,Unf,0.0
1476,2006,GLQ,1484,472,9037,Av,RFn,0.0
884,2003,GLQ,1768,543,8158,No,,884.0
1689,2007,Unf,1689,954,9849,Av,RFn,0.0
1053,1974,GLQ,1173,528,10625,Gd,RFn,0.0
2076,2006,GLQ,2076,850,13891,Gd,,0.0
792,1929,Unf,1517,400,11435,No,Unf,725.0
585,1984,Unf,1868,477,12090,No,Fin,728.0
756,2005,Unf,1553,615,8125,No,RFn,797.0
1012,1976,GLQ,1034,888,12328,Av,Unf,0.0
735,1917,Rec,2058,396,9600,No,Unf,924.0
876,1950,BLQ,988,276,7200,No,Unf,0.0
2110,1968,ALQ,2110,522,11160,No,Fin,0.0
1405,2003,Unf,1405,478,3136,No,RFn,0.0
864,1968,,874,288,9858,No,RFn,0.0
1192,1974,LwQ,2167,518,17542,Gd,RFn,651.0
746,2003,Unf,1656,397,6931,No,Fin,896.0
884,1931,LwQ,1367,560,6240,No,,408.0
1986,1994,GLQ,1987,691,14303,Gd,Fin,0.0
864,1922,Unf,864,0,4060,No,None,0.0
856,2005,GLQ,1166,400,9587,Gd,Fin,0.0
1054,1969,ALQ,1054,460,9750,No,Unf,0.0
841,1999,Unf,1675,502,24682,No,Fin,783.0
1050,1956,Rec,1050,338,9600,No,Unf,0.0
1104,1957,Unf,1788,304,11250,Av,Unf,684.0
764,1919,Unf,1824,520,13515,No,Unf,764.0
1405,1998,GLQ,1337,511,4060,No,Fin,0.0
691,1999,GLQ,1452,506,3735,No,Unf,739.0
925,1910,Unf,1889,308,10120,No,Unf,925.0
2002,2008,Unf,2018,746,13214,Gd,Fin,0.0
728,1935,Rec,3447,1014,14100,Mn,,1479.0
874,1958,BLQ,1524,315,11344,No,Unf,650.0
1332,1979,GLQ,1524,586,23595,Gd,Fin,192.0
1489,1968,Unf,1489,462,9156,No,RFn,0.0
935,1965,BLQ,935,288,13526,No,Unf,0.0
1019,1959,ALQ,1357,312,11512,Av,RFn,0.0
661,1910,Unf,1250,552,5362,No,Unf,589.0
928,1948,Rec,1920,400,11345,No,,992.0
723,1972,BLQ,1395,497,12936,No,Unf,660.0
1680,1967,ALQ,1724,480,17871,Av,RFn,0.0
1128,2002,GLQ,2031,577,9473,No,,903.0
698,1920,Unf,1128,528,7500,No,RFn,430.0
1573,2002,GLQ,1573,544,9808,No,RFn,0.0
1309,1990,ALQ,1339,484,8049,No,Fin,0.0
1040,1977,LwQ,1040,484,8800,Mn,Unf,0.0
912,1971,Unf,1824,0,9400,Av,None,912.0
804,1919,Unf,2447,336,9638,No,Unf,748.0
780,1939,Unf,1412,280,6000,No,Unf,587.0
1328,1963,ALQ,1328,528,9790,No,Unf,0.0
1624,1964,Rec,1582,390,36500,Av,Unf,0.0
1501,2000,GLQ,1659,499,5664,No,Fin,0.0
1085,2006,Unf,1970,753,11065,Mn,Fin,850.0
1152,1964,GLQ,1152,484,14112,Av,RFn,0.0
630,1972,ALQ,1302,264,1680,No,Unf,672.0
994,1892,Unf,2372,432,6600,No,RFn,994.0
832,1976,GLQ,1664,528,10140,No,RFn,832.0
864,1955,Rec,864,572,8172,No,Unf,0.0
1052,1968,,1052,288,8400,Av,RFn,0.0
1120,1963,ALQ,1128,525,8700,Mn,RFn,0.0
547,2005,GLQ,1072,525,3675,Gd,Fin,0.0
6110,2008,GLQ,5642,1418,63887,Gd,Fin,950.0
1246,1959,LwQ,1246,305,7500,No,RFn,0.0
978,1999,GLQ,1983,490,10762,No,Fin,978.0
771,1942,BLQ,1494,213,7500,No,Unf,741.0
1165,1994,GLQ,2526,844,10120,No,,1323.0
1616,2005,Unf,1616,834,8688,Av,RFn,0.0
976,2004,Unf,1708,380,3363,No,,732.0
1652,2006,GLQ,1652,840,13173,No,Fin,0.0
1368,2005,Unf,1368,474,6955,No,RFn,0.0
990,1994,ALQ,990,480,8072,No,Unf,0.0
924,1948,GLQ,1122,528,12000,No,Unf,
1278,1991,GLQ,1294,496,7153,No,,0.0
1902,1959,GLQ,1902,567,17500,Av,Fin,0.0
1274,2005,GLQ,1274,508,8814,No,,0.0
1453,1990,GLQ,2810,750,9572,No,RFn,1357.0
1393,1999,Unf,2599,779,14774,No,Fin,1177.0
948,1954,Rec,948,280,8190,No,,0.0
952,1969,ALQ,2112,576,11075,Mn,Unf,1020.0
1622,2008,Unf,1630,860,10226,Gd,RFn,0.0
1352,2006,Unf,1352,466,4230,No,,0.0
1753,2001,,1787,748,14781,Gd,RFn,0.0
864,1954,ALQ,948,248,10215,No,Unf,0.0
1478,1957,ALQ,1478,442,8400,No,RFn,0.0
0,1949,None,720,287,6627,None,Unf,
750,1992,GLQ,1923,564,10186,No,RFn,862.0
420,1940,LwQ,708,0,5330,No,,0.0
1795,2006,Unf,1795,895,9986,Av,RFn,0.0
796,1922,Unf,796,0,3636,No,,0.0
544,1931,Rec,774,0,4270,No,None,0.0
816,1982,ALQ,816,264,6600,No,Unf,0.0
1510,1920,LwQ,2792,520,10440,No,Unf,1208.0
935,1998,Unf,1632,462,9084,No,Fin,
1588,2006,Unf,1588,825,10000,Av,,0.0
911,1976,ALQ,954,576,10780,Av,Unf,0.0
816,1938,ALQ,816,288,8877,Mn,Unf,0.0
803,1938,Unf,1360,297,7200,No,,557.0
765,1970,LwQ,1365,440,2368,No,Unf,600.0
1350,1977,ALQ,1334,630,9650,No,RFn,0.0
1656,1973,Unf,1656,506,9246,No,Unf,0.0
693,1941,,693,0,4118,No,None,0.0
916,2002,GLQ,1861,492,13450,No,RFn,941.0
864,1972,Rec,864,288,9560,Mn,RFn,0.0
858,1971,Unf,872,480,8294,No,Unf,0.0
1114,2003,GLQ,1114,576,13695,No,Unf,0.0
1284,2002,,2169,647,9375,No,RFn,885.0
896,1928,Unf,1913,342,7558,No,,741.0
728,2006,Unf,1456,440,11103,No,Fin,728.0
960,1920,ALQ,960,308,6000,No,Unf,0.0
1568,1968,BLQ,2156,508,20781,No,RFn,0.0
1732,2006,GLQ,1776,712,15306,Gd,Fin,0.0
1482,1998,GLQ,1494,514,16196,Gd,RFn,
684,1872,LwQ,2358,0,5250,No,None,1215.0
1248,1969,LwQ,2634,968,11643,No,,1296.0
858,1962,Rec,1716,490,9247,No,Fin,858.0
698,1937,Unf,1176,624,6000,No,Unf,390.0
2033,1995,,3238,666,14720,Av,Fin,1185.0
992,2000,GLQ,1865,839,10316,No,,873.0
570,1968,Unf,1920,487,10192,No,RFn,698.0
864,1966,Rec,892,264,9477,No,RFn,0.0
1078,1971,GLQ,1078,500,12537,No,Fin,0.0
756,2000,GLQ,1573,440,2117,No,Unf,804.0
1980,2004,GLQ,1980,770,16737,Av,Fin,0.0
612,1921,Unf,2601,621,9842,No,RFn,1611.0
1530,2005,ALQ,1530,430,16158,Av,Fin,0.0
715,1920,Unf,1738,368,12513,No,Unf,457.0
616,2006,Unf,1412,432,8499,No,Fin,796.0
600,2005,Unf,1200,480,3180,No,RFn,600.0
814,2000,GLQ,1674,663,7500,No,RFn,860.0
873,1999,GLQ,1790,588,9179,No,RFn,908.0
757,1977,ALQ,1475,336,2665,No,RFn,550.0
848,2003,GLQ,848,420,4435,Av,Fin,0.0
1657,2003,BLQ,1668,502,10635,Av,Fin,0.0
840,1920,ALQ,1374,338,5400,No,Fin,534.0
992,1955,BLQ,1661,377,9600,Av,RFn,0.0
1108,1998,GLQ,2097,583,9750,Av,RFn,989.0
2633,2001,GLQ,2633,804,11400,Gd,RFn,0.0
1026,2005,Unf,1958,936,10625,No,Fin,932.0
1571,2007,,1571,722,10991,Gd,Fin,0.0
768,1930,,790,160,6292,Mn,Unf,0.0
984,1941,,1604,660,10998,No,Unf,620.0
483,1973,BLQ,987,264,1953,No,Unf,504.0
384,2006,,1394,400,9735,No,Fin,640.0
864,1914,Rec,864,200,8212,No,Unf,0.0
1205,1970,BLQ,2117,550,12925,Mn,Fin,0.0
596,1920,Unf,1762,576,7200,No,Unf,764.0
816,1918,Unf,1416,576,25339,No,Unf,0.0
560,1939,Rec,1258,280,9060,Mn,Unf,560.0
796,1922,BLQ,1154,240,5436,No,Unf,358.0
1392,1978,,2784,564,16692,No,RFn,1392.0
714,1916,Rec,2526,216,8520,No,Unf,862.0
1746,2006,GLQ,1746,758,14892,Gd,Fin,0.0
735,1941,ALQ,1218,440,6000,No,Unf,349.0
1525,2000,GLQ,1525,541,9100,Av,RFn,0.0
1584,1967,Unf,1584,792,8944,No,Unf,0.0
864,1967,ALQ,900,288,7838,Av,RFn,0.0
482,1905,Unf,1912,672,10800,No,Unf,691.0
1356,2006,GLQ,1500,648,4045,Av,Fin,0.0
1094,2005,Unf,2482,642,12665,Gd,Fin,1349.0
747,1948,BLQ,1687,572,57200,Av,,0.0
939,1920,Unf,1513,180,6120,Mn,Unf,574.0
1208,1950,Rec,1904,240,7200,No,Unf,768.0
976,1925,BLQ,1608,216,6171,No,Unf,448.0
862,1929,Unf,1158,208,6000,No,RFn,208.0
839,2004,GLQ,1593,398,7415,No,,729.0
1286,2006,Unf,1294,662,6762,Av,RFn,
1485,2007,GLQ,1464,754,15256,Gd,Unf,0.0
672,1915,Unf,1214,936,10410,No,Unf,
1594,2004,GLQ,1646,482,3842,Gd,Fin,0.0
768,1972,GLQ,768,396,8445,Av,Unf,0.0
833,1985,,833,0,8780,No,None,0.0
622,1910,,1363,528,7740,No,Unf,622.0
791,1986,Unf,2093,542,20544,No,Fin,857.0
944,2001,GLQ,1840,622,12420,No,RFn,896.0
856,1950,BLQ,1668,271,9600,No,Unf,
0,1949,None,1040,420,7200,None,Unf,0.0
1844,2005,GLQ,1844,620,10994,No,Fin,0.0
833,1923,Unf,1848,370,13053,No,Unf,795.0
1386,2007,,1569,660,3635,No,,0.0
777,1885,Unf,2290,560,11340,No,Unf,1044.0
1284,1998,GLQ,2450,1069,16545,Mn,Fin,1140.0
1144,1963,BLQ,1144,336,9204,No,Unf,0.0
1844,1969,Rec,1844,540,16381,Av,RFn,0.0
708,1968,ALQ,1416,776,11700,No,RFn,708.0
1069,1977,ALQ,1069,440,4043,No,RFn,0.0
848,2003,GLQ,848,420,4435,Av,Fin,0.0
697,1966,,2201,432,19690,Av,Unf,626.0
1024,1958,ALQ,1344,484,9503,No,Unf,0.0
1252,1959,Unf,1252,528,10721,No,Unf,0.0
1223,1994,GLQ,2127,525,10944,No,RFn,904.0
913,1945,BLQ,1558,288,10930,No,Unf,
788,1940,BLQ,804,240,7200,No,Unf,0.0
1440,1981,BLQ,1440,467,12546,No,Fin,0.0
732,2005,Unf,1838,372,21930,Av,Fin,1104.0
958,1976,LwQ,958,440,4928,No,RFn,0.0
656,1927,Unf,968,216,10800,No,Unf,0.0
936,2000,Unf,1792,451,10261,No,Fin,830.0
1126,1977,ALQ,1126,484,17400,No,RFn,0.0
1319,1962,,1537,462,8400,No,RFn,0.0
864,1971,ALQ,864,528,9000,No,Unf,0.0
1932,2008,GLQ,1932,774,12444,Av,Fin,0.0
912,1957,GLQ,1236,923,7407,No,,0.0
539,1979,GLQ,1725,550,11584,No,RFn,685.0
588,1922,Unf,2555,672,11526,No,Fin,748.0
848,2004,GLQ,848,420,4426,Av,RFn,0.0
1017,2008,GLQ,2007,812,11003,Av,,981.0
952,1916,Unf,952,192,8854,No,Unf,0.0
1422,2004,Unf,1422,626,8500,Av,RFn,0.0
814,1966,LwQ,913,240,8400,Gd,Unf,0.0
1188,1962,,1188,312,26142,No,Unf,0.0
1220,1995,GLQ,2090,556,10000,No,RFn,870.0
560,1910,Unf,1346,384,11767,No,Unf,550.0
630,1970,GLQ,630,0,1533,Av,None,0.0
896,1974,Unf,1792,0,9000,No,None,896.0
1573,2008,Unf,1578,840,9262,No,,0.0
547,2005,GLQ,1072,525,3675,Gd,Fin,0.0
1140,2006,Unf,1140,0,17217,No,None,0.0
1221,2004,GLQ,1221,400,7500,No,RFn,0.0
953,1999,Unf,1647,460,7917,No,RFn,694.0
1542,1978,ALQ,2073,500,13175,No,Unf,0.0
1152,1941,GLQ,2340,252,9042,No,RFn,1152.0
1078,1950,,1078,240,9717,Mn,Unf,0.0
1256,1965,BLQ,1256,276,9937,No,Fin,0.0
